speed,acceleration,braking,turn_rate,label
57.450712295168486,2.7987108731720043,-2.350356549948763,0.46096221061304554,1
47.92603548243223,1.8492673658255376,-1.2890373414310357,5.698074946102491,1
59.715328071510385,0.11926073984034825,-2.584839841999923,7.931972332891778,1
72.84544784612038,-1.2938735554111478,-1.6159230592780807,19.43843828670095,0
46.48769937914996,1.3964466272271798,-4.787229333907572,12.78276562266879,0
46.487945645762295,0.7869707708434992,-0.5734125852541229,3.3225921545005432,1
73.68819223261087,1.7903864400554645,-0.9975890492755515,12.430181447088184,0
61.51152093729363,1.270343603363939,-2.6341772621363813,2.2634800553081726,1
42.95788421097572,2.0991054306386703,0.3184913368648101,15.413455269435367,1
58.13840065378947,-1.070470423121136,0.8751402752531168,7.644376740910607,1
43.04873460781307,2.6347881312686514,-4.215119728737948,9.531819056304146,0
43.01405369644615,0.3951992093847993,-2.5254495571324282,16.62898323771095,1
53.629434073490515,4.150521745250531,-2.5382846995745965,3.5641821570787506,0
21.300796330133032,-1.3783756361791357,-2.879806202217729,3.0144090744350436,1
24.126232512304508,3.4719276063304987,0.658949683863497,7.082003368269976,0
41.56568706138541,0.3958215669252956,-1.387652277545607,15.191894255096583,1
34.80753319498364,-1.3028360072288967,-1.5290296826212215,2.403269622615788,1
54.71370998892911,-0.9677716681086431,-5.007724728813507,-4.160777990552845,0
36.37963886718184,-0.6406946163886403,0.27083606041845276,7.744205707955006,1
28.815444479970626,0.8483318928038328,-3.478516789706945,12.758703999554601,0
71.98473153382331,1.0456709760709992,-0.8801347394673436,16.001308748694147,0
46.61335549270196,-1.147400007877158,-0.44524612408361663,7.684193189573005,1
51.012923070318855,-0.04870918452196568,1.721317191677302,7.942866964419988,1
28.628777206798148,4.284540717223727,-3.617640798238224,15.769503671278736,0
41.834259132122256,3.4550863402014227,-7.039024311641651,0.6512915015228966,0
51.663838845647994,0.8726473393480642,-0.6323009104926103,8.057396124084953,1
32.73509633866546,0.07600695633640057,2.6010223630217073,10.95211944962529,1
55.63547027518508,0.2400626534365226,1.4778927058788747,12.246093606425172,1
40.99041965121793,1.2270359454608333,-0.5806811694507484,7.4509665340455875,1
45.62459375310085,-2.045585130396811,-1.9832723712640947,10.172205058529206,1
40.97440081655905,-0.5147530748466902,0.6142451932746207,-2.4416367670649475,1
77.78417276763406,-3.337168147755179,-2.9470923994089375,6.708757938330758,0
49.79754162893099,0.7984462452105585,-0.047284461287561474,12.267543562772337,1
34.13433606566149,1.294391879405482,0.010940318333253707,5.088529828726602,1
62.338173681547836,-0.966372924598748,1.1204198149977596,10.294921107947987,1
31.687345250434667,3.1479735265800657,4.519320077822155,12.23436250401349,0
53.132953925071334,-2.4515313260046825,-0.21516806564246593,8.287253995711175,1
20.604948141803366,-2.9287497604196404,-2.0179272514149975,10.852318854982855,1
30.077209266523543,0.4489036371199441,-1.051148624383989,5.186337173576939,1
52.952918538036855,2.094196605224309,-4.5381518097782365,8.966943601519766,0
61.07699869993115,3.3678553829157374,-2.3894262621781164,13.051080847946112,0
52.57052421784956,-0.91776852573788,-1.8185648762262079,10.78486480484217,1
48.265275764176394,2.1573616668625912,-2.048176795869185,7.067343652180322,1
45.48344456616067,-0.07701693900141442,-0.695290255932556,11.121082021453965,1
27.822170144488588,-0.34525459988163926,-2.644839864764401,13.57304895318309,1
39.20233687407937,1.7673198749733448,1.2420613346489429,-0.24970639288738994,1
43.09041843560319,1.3046457568268393,-0.9995858701636058,15.795370324779489,1
65.85683339328374,-3.152784313968499,-1.018600642277229,8.318726306594641,1
55.15427434352692,2.9530806994517915,-1.6557894330258356,12.127449666201152,1
23.55439766955899,2.760182708294903,-0.6896186322820417,15.986234618226138,1
54.86125954092192,-1.2511254030190588,0.6501965293352694,3.1416315138476705,1
44.22376579375525,0.7916070668748181,-2.7342604314218004,6.4527949878622675,1
39.84616999541062,0.9880603725654776,-2.3162329781505133,8.557256520621475,1
59.175144332613016,0.5213475316478142,-1.6074520575533293,6.081232394377858,1
65.46499283743927,-1.1006103076908402,-3.69174184694643,18.67468287918404,0
63.96920178674298,-1.343246735876103,-2.638515719442996,5.7161395308660365,1
37.41173715166042,-0.051108141982890556,-1.952441747089318,7.222266102565667,1
45.36181436223178,2.3454580385187294,0.7487783614254551,11.021945158014884,1
54.96895147105346,1.0872003091888647,-0.47487734199615006,3.989252369619556,1
64.63317690683539,-0.7412286641722119,-0.6128201772649113,8.02159644121868,1
42.81238643232065,1.5433974212966894,0.7017959243359444,11.587266306250875,1
47.215115350042744,-5.697085241260151,-1.2747435767987934,8.335697978087444,1
33.40497538990958,2.297531400744207,-0.21907030014222084,9.533065705500258,1
32.05690063878994,-3.4794275575561993,-1.2064435058649925,7.353339437758146,1
62.18788733591297,-0.7248818828062643,-0.4692753012007431,2.4276484540961647,1
70.34360042856234,-2.2393397892522877,-2.1655173152231644,11.607966056696192,0
48.91984817629499,-2.5893629514418115,-5.877634316552858,18.774665358236206,0
65.05299346838036,2.321653574757039,-1.2685583243726084,10.09200815391719,1
55.424540375714514,-0.9354024026237827,1.8454962721998802,11.126320586237748,1
40.323203680923136,0.6930077634614316,0.8524308044831848,13.463613775584298,1
55.42093408262621,-0.09384115775836814,0.9307949691823414,3.6533475172665044,1
73.07054849698955,0.9540816544462429,1.4722614436124357,18.512573290648028,0
49.46260941335073,0.15364378212051072,-0.8226848180771251,11.01164398211401,1
73.4696548372101,-2.5659844483771392,-0.6053685851888089,18.159284495445544,0
10.703823438653835,1.99253363889428,-2.2353037908687003,6.334835022380053,1
62.32853756562836,-0.987513166322625,-1.6321457120540996,19.090309612789124,1
51.30570602357257,-3.113163797319502,0.23154229954228311,13.875777470173915,1
45.51488974301199,-0.856230321931825,1.4077688743376324,12.765200429261792,1
51.37641164803254,3.0015195812686217,-1.278892551361999,11.17012227176574,0
20.186466280986608,1.7004434842269858,-1.9003785297028233,8.757356909627752,1
46.70492168243732,-0.6973042688157184,-0.9989440822868054,16.00265829236936,1
55.3566885726762,-0.6985154086368576,0.2024134978582297,10.701799349240234,1
72.16841067112274,-0.6432701024347652,-3.8877096322670837,0.1646514820642384,0
42.22594672589529,4.153495967121682,-5.592361906274476,4.414067691464988,0
37.87259595660218,0.7638709044631067,-2.101073698983167,9.070771239036263,1
42.47364434623195,0.8600832943821393,-3.4414248518283173,11.549994915827774,0
63.731031765531114,2.0605669080636844,-2.016280395294622,9.71705755550052,1
54.93126664489527,0.47757831805302703,-1.2955606376349431,16.094853948968314,1
42.05359694349442,-0.5180842916414062,-1.9064968180460267,0.24449067980687644,1
57.699011496700344,-0.39269969816995653,1.9049350689414908,10.7179396825258,1
51.456163240220604,-0.1432025188281279,-0.3465104707953599,0.9101038730642266,1
64.52967485799334,-0.07444447301968318,-0.3990512807783433,13.798561477420842,1
39.469203591839715,1.4552590872739597,0.24441428808680388,9.527706427789987,1
45.085067801033475,0.10389177161459887,-3.2776662355615382,12.098049860120591,0
44.118377703017636,1.4652801544311584,1.0782235748405373,5.68058519705117,1
28.04727577801822,-0.16143316021716464,-1.1515285730709197,16.397324658288756,1
54.44180415596864,0.15727038063218118,0.3409612344824251,15.208623320294256,1
53.91582908269834,-3.9964013690642153,-3.143714466080311,12.917721515059437,0
50.07670184963691,1.8326553494049629,-4.107517532032128,9.352413765682796,0
46.481192999372794,0.6929769517959854,0.6357793160500573,12.89928642647566,1
28.769438869243785,1.9960202197193044,-0.2471809478049668,6.465537160063255,1
43.69032015851961,-5.792510756387379,-2.8041031087150206,14.27777829510356,1
44.85928225209846,4.176749409561455,-2.7393261625493888,18.247404471619603,0
37.96584096167572,-0.2791792563103475,1.2508695688295388,15.35305279989593,1
47.580714325009865,2.216365633475033,-3.3788237857346557,6.351987650962952,0
56.060762852218076,-2.0798118542510617,2.285345906511927,11.807086586365514,1
78.29278851815795,1.2255478101251394,-2.8012414692957375,3.5342922812067616,0
52.61866719247759,-2.1068311263473123,0.27678385121676596,12.86195155587838,1
53.86325586084146,-1.2475379213916102,-1.6572369514979692,12.253017064312694,1
48.883311263507494,3.8280627077335723,0.20637486216468615,0.6509183023391802,0
21.21843177051438,-0.38136480152669316,-2.088228004228385,4.191080780438181,1
49.602291868261744,0.43486574635944575,-1.3255858121445885,8.584305516281164,1
50.9034531491154,1.7401354613775084,-0.9181616492085577,8.49570126429587,1
86.94863168727929,0.9913637759452093,-3.0043749115629454,3.9526153229059737,0
47.114585528283165,0.30083781028715284,0.48164869084025175,11.944893646760919,1
54.523210135004184,0.7299220049324509,-2.0264271329431702,11.25736804470256,1
49.47932345442135,4.80683117047655,-1.4571998306800371,9.028654340107403,0
32.46982943570702,-0.11523759406717078,-2.9886987492170247,6.221042499208185,1
67.14234221772531,0.402198093429935,-6.124667317590621,15.243535632082818,0
61.27899549030161,2.101308792015224,-1.3820555252003381,18.277035565441476,1
61.865479205645705,2.2110518659159677,3.8252308432258317,7.582192580767314,1
36.35918817807892,2.3740606111207603,0.5692085757960477,6.939165414225896,1
71.04191466404149,1.2774604440583692,-1.0385207594687893,12.456038327059982,0
28.972234058115788,-2.286009825460967,-1.5257816584165353,8.209853101265068,1
58.80285640700406,3.266863064602192,-0.9550682143759073,9.303013996683829,0
82.85683438714968,-2.292690786037376,0.0942382303504199,13.698265758623357,0
35.14195512303968,0.6052709304780665,-3.3616256306176897,0.453219562463536,0
41.50553405595842,-1.5085517000387159,1.2286433893377442,16.591511624263347,1
51.49477047631462,-0.12827669318598509,0.4307626308824881,10.363402621646706,1
42.44786518825701,0.6575248206069608,0.43637145141586897,7.9425342771890985,1
26.74004853400801,0.6427144309005461,-0.12304852238054542,9.553829228892756,1
51.02844462209041,0.8438415084705695,-0.9607666846120202,9.812146775102594,1
34.06544429410843,3.227422538117294,0.3457224719336398,1.3439934827753728,0
57.10388645952772,0.9070686030279597,0.18362826748275607,17.47469113726618,1
36.20863648649295,-0.48831327058129737,-1.7080814218820475,10.206628161353093,1
73.24901607526309,1.9281743365767146,-2.147203545793802,12.215010652236876,0
38.251200614956446,2.378940977849281,-0.7962874094760266,14.757748852870215,1
45.16907725691487,-2.455215630273985,2.0980403029903747,4.894187712198499,1
62.202758260545046,1.194800139699716,-3.4782141513078018,12.367359495176142,0
31.53703525349067,1.4023454846217966,-3.93505053150488,8.661794545506032,0
53.41189901906194,-0.5951270067199839,-0.6704783175269665,14.233853876082469,1
69.60714131423643,2.751413626623239,-0.8982245962879639,-0.6361371017574768,1
25.88775148158159,-0.30011117406505344,-0.6533166712591836,9.504528498793656,1
52.769507877984566,0.2511529069430845,-0.5120936041829995,6.985896721080191,1
53.89824191372635,-0.3461436485677392,-1.4464045092696103,12.161314753170778,1
61.72734307665966,0.03115809516293507,1.9797268772041643,12.35022093684101,1
31.445739336828773,-2.1925501737904036,-4.201807956953031,6.46187052588987,0
30.193150803735854,-2.8801017651885887,-2.656994049560492,6.439130679119782,1
57.829123484253465,3.1890101264499444,-1.2065095202980949,9.446673157213352,0
54.45477009849779,-1.6939226966366556,-4.2863776223083345,5.516788863423959,0
53.75739275518815,-1.9827846989126143,-1.3517088088641422,14.209918477260635,1
55.19672314245464,-4.30678022720743,2.3229403314560364,8.15396399776277,1
39.79962917632264,-1.2779234953790044,-0.9582270234080764,-4.5349410966082075,1
53.48380545741505,-2.6461795868149967,-0.538598188562633,8.125889716890969,1
54.39608709948022,3.284030320272738,-3.5203295303451605,4.8072808957801385,0
39.28472872960448,2.0196341786852683,-2.232722816078955,1.8436209226952727,1
77.98661766717134,-1.3763006903554476,-1.750392760647874,3.8128668088871374,0
57.10749381367681,4.5048716106886175,-1.6354301935124682,10.54704235916485,0
32.13044754196027,1.9635309739831885,1.5632875900075374,16.643204141241156,1
59.84830412950745,-0.6496627670172449,0.11538212145024906,11.5659223693249,1
35.379774946590175,-4.998811429747146,-3.222915913874064,6.967483058921301,0
61.806269056136784,4.5818851451814835,-0.5069904431359902,12.279520975853513,0
67.37893368511106,-2.779144933527192,-0.0035565030064297343,7.704548448905041,1
37.68976522472434,-3.2907974939137836,1.280298077042533,6.526998154184277,1
64.45064193866483,2.0451408640192805,2.161081373136747,4.228186658835078,1
56.191713904047475,4.879504812678546,-3.0301883836557373,1.240855966241405,0
62.33090239991735,2.7685456370210364,-2.6217150224206764,8.050381467202774,1
78.4518947398092,1.1278182401047192,-3.5151557178292325,10.790267449600659,0
46.31917825995694,1.189508683330572,-1.4680397182139626,9.516881649925551,1
38.693957534637654,1.7068311175606155,-0.06728325110733102,7.920165360263207,1
36.65728355561715,1.5178571795735303,0.9746690331782037,5.271269696516095,1
37.762845725518424,0.5623828479387516,-1.1519020472850454,13.041230958424842,1
48.843474358788434,0.20840220790375213,-1.6396950465096878,3.4143404002670756,1
55.117279622249654,-0.12518625579904483,-0.6964840155025193,13.880139569217377,1
54.150361989950284,-1.5079291777333526,-2.670285803260046,4.988914905366376,1
62.40774873554036,-0.5613501537335481,3.179077443389547,6.237823813234825,1
50.19502837816861,-3.385913628390771,-4.215322054236117,2.666074046921615,0
71.80301115735975,-0.19667925358949978,-0.630518842208551,7.492989265571817,0
46.03014750143066,-1.977182214301835,3.0472124384592787,14.876562292389895,1
90.80253749884429,-2.207178634431542,-0.9864003108800045,12.578140442219782,0
59.385010216475095,0.3597883023069569,-1.3800780700029889,14.892110560140175,1
37.14263665375576,2.7840045726891987,-1.7148908456208543,12.610712729669679,1
33.93661252908332,1.836633212004626,-1.3607833635248157,4.4816508573481535,1
57.23708622864778,-3.141001207246354,1.7456969493530603,8.346053878362213,1
46.64805822011223,-1.979256273140675,-5.423723822659014,6.099004354412687,0
60.71000741138138,1.8815423759764318,2.066867402592651,16.6528745201952,1
57.09856436860317,-1.9649747870766192,-3.84791430490029,4.0160567678684425,0
48.90756631014691,-0.4492662999940492,-1.5333046584688295,14.468488446945553,1
37.29809422897392,1.1001041980491038,-1.8584888405973237,14.464769350543847,1
27.277291629712032,-1.9366889097272706,0.1771065395414395,19.148101008580436,1
43.302275718994686,0.2107510122919198,-4.196248703767495,7.951567036852513,0
62.84598191485209,-2.668050989836409,-0.0756546678361143,13.56161079790081,1
53.21140616195306,-1.2027352879024273,3.048619246573705,21.408259182694213,0
31.31391831932018,0.6395638682850739,-3.726348009185621,6.911791615331516,0
52.59771388776773,-3.1859874670633386,-0.6205876647792087,2.324798762338202,1
55.77976069593255,0.880949475920798,-2.323964355593218,0.5999498304611812,1
36.74213845698301,-0.03927559785336243,-0.14822558761392846,13.563560144306656,1
52.305876589182915,1.1049799088342955,-0.9617044451684958,0.5842489597070806,1
50.87313077669,0.44782826812932286,-2.282973818088619,8.138404735310386,1
32.85544553254066,2.7282808599476884,-0.02425543025785204,12.186565935194803,1
55.36681040522425,0.25044900529581454,2.608696219573486,10.92587768414957,1
58.41176789552352,-0.858811082250506,-1.3818075834545973,12.127224320920861,1
66.24576864762915,0.24459500606456755,0.4395158842963638,11.11144927900427,1
65.80703078052355,1.0865960580727758,-3.5865459157423274,16.394329066566968,0
29.334959480643633,0.09772014065140866,-2.9128727536360177,5.238418096306015,1
35.93262440127316,0.08118338240776476,-0.055187444239245265,6.615024307707343,1
57.7255290081299,-1.4039833756135107,1.9682320570719298,6.13670277364588,1
57.706789263683135,-1.3258018351018963,-0.28877330242868005,14.15095905931305,1
57.72571529459072,-2.805210543599387,-1.6261160610463086,14.501992941975317,1
107.79097235982081,3.4991534863738787,-1.001417189153292,12.25612659659254,0
58.56335766039751,-2.48772647078257,-3.500815467939435,15.917468334449639,0
67.03348460270898,-1.3858103955918146,0.2090306527107335,4.1097956631180965,1
64.31002645239803,-1.4368145311383949,0.7646661246468183,18.336120557755685,1
59.77086876958697,1.7898487538888825,-1.9041806656661606,17.61619310856129,1
45.27096133039482,-0.5898993565840556,-1.940084295519003,13.678109986228733,1
61.38453830739901,2.4954841453474677,-0.468243540695903,18.9089945438553,1
38.40762178193643,-1.346981248487737,-1.8734394720811909,1.7168839616111313,1
46.44772089889987,0.5579883244476039,-1.1322652292516449,7.37775931868674,1
42.71954678256345,-1.6706941065195147,3.199443578333031,6.323482696590238,1
51.22811209079484,4.290298255546777,-1.4940514014919932,13.607396618786716,0
84.71987850010262,-2.3751968380590256,-1.7166803040424443,4.749296301989272,0
21.99102211112378,0.619641420454055,-2.2950836112703183,13.787475746687427,1
60.2939028556177,1.267553761864197,0.48838394299987353,16.852680719983567,1
25.809261932155223,0.8275981949029965,-1.362448346436206,13.476014500419996,1
42.9210220131585,-0.3705753177554166,-2.298746076642852,11.418755118307505,1
66.33425895451049,-0.25964139946685233,1.6426080645460241,5.060633295496254,1
50.96420028643194,0.0876229439582192,1.8392060090272744,5.765745169373177,1
33.83382833106041,-0.29400400325697723,-2.2008471314774103,16.248094526483335,1
39.27044436110047,1.9277582335898193,-4.733079902721233,13.896745019526662,0
60.19396623402014,4.421046003182703,1.0150273796738443,9.80490240311228,0
39.04450052424295,-1.1149835700156672,-2.369259651520008,7.910452271170547,1
53.246878843729625,-2.7396059591581556,0.5812511983255373,-0.1290393655568849,1
50.68357759855721,-0.17656409670250964,-4.940207635423671,4.645737906577806,0
40.22599478591275,5.159418675308637,0.7851946765986184,19.557095435698617,0
82.15916133987989,-1.6073491359394616,-3.4223438585615624,3.5977221449876664,0
59.50878533477017,3.278233610888135,0.461528238133049,10.947399106105403,0
19.622861200135894,3.3554016281528813,-0.9714538643271318,15.037219865975992,0
52.796814721541416,-1.1071764834159892,-2.9078788387932897,3.725386659988538,1
40.07320302847418,1.1379661583705507,-1.8140726258535609,10.923552373905416,1
62.78650002194336,3.256793246257076,0.3726369139134016,14.689577687553275,0
38.11218892350949,-0.7582554819749742,-0.7882110937695315,10.062496609536252,1
48.278953377996515,-0.40716072020472355,0.1688259609449685,24.34201527833384,0
57.57480918470686,-1.1633618278972875,2.952881169030971,1.6570037056090232,1
62.98632791255182,-2.0295134613857337,-4.128483223422103,15.293642649419395,0
31.995553894163358,-1.2985550901320142,2.234425149937248,9.135991313017678,1
44.98248146238578,-2.447880533524513,-0.7912881249535741,13.859600774183376,1
42.87582033258566,0.06816693651845214,-2.7975680966462564,12.20653575849623,1
40.200061511394324,-1.5399464621172836,-3.6606272514779796,6.334219014450017,0
76.48181360421646,0.4675718235814954,-1.378240781554067,11.1449819622967,0
56.07472566441433,-3.1117912924072546,0.8433002238489187,0.7104927430085635,1
31.086740684974323,0.6617604644289141,-1.2550982407550684,13.016237502856969,1
63.767929205821645,1.6670579232178493,2.022309860494695,11.490792329952628,1
81.8323429551895,-3.987471285142911,-3.9023513801031178,13.193300843215512,0
65.4869789082672,0.7481131396951443,-1.024177895692109,15.290591625435752,1
27.2094505106898,2.4553379849465844,-3.504786888826238,11.838099201048554,0
42.73648890700623,-2.419282037382411,-0.27273623475006425,10.740447098991382,1
69.00366723779933,3.3451447736754067,0.7737747801946007,5.594658316693539,0
39.38495801571829,0.8380380187320904,-1.8415235873621065,6.438896181754745,1
56.657291422193424,-1.4100237115168177,-6.2084277132542685,15.933673100886654,0
61.61951080144005,-0.11153815531541202,-0.6021037064070109,17.181677028529894,1
36.09604292632876,1.1166538250434448,-0.126522896532981,8.809447818439729,1
49.107119659073,0.152010782824823,-0.1914104900766047,10.23001373626637,1
1.380989898963911,1.0775119848927384,1.4715643836443082,5.476928125031169,1
34.63418537998565,-1.8413471861587325,-3.1421073592980977,15.863784226337224,0
46.2114777291026,0.338721648072156,0.36043221090089883,13.327084118458894,1
31.283252270527257,-2.8274289938099604,1.3850150249559499,19.706087182318747,1
74.48616955897452,-0.22245212269740064,-4.557175168013034,5.608384614101306,0
28.54787933059051,-1.8078152829295795,-0.36069634816204554,8.109960504908914,1
43.39933269954524,-1.4710598851795331,-2.008359662015343,11.157229612627862,1
51.96110865929137,2.4721863504208748,-1.1630453462032917,13.232447688628852,1
71.61909933599173,2.182620241188538,-0.3046470329233273,8.921661812261839,0
28.46206773230841,1.218276241814354,-1.9744571282271046,5.635194547731498,1
67.4474562823244,-2.184625529345158,-2.3514161583232234,14.407037644617855,1
50.1534959152938,-0.6328168993896038,-0.9316951650239508,13.605676812727907,1
35.27737023428074,2.4261953999583667,-3.1744918777256053,5.418629497181375,0
56.93155211394906,0.2834338272798095,-3.171650257770371,16.77721400552748,0
52.98589543360205,4.638659079963388,0.3587465659130067,15.85099354598302,0
40.99674684261808,0.7866356787887437,-3.297588070317312,10.671482486238965,0
51.04703127485028,0.3840982329800632,0.3326250018184238,10.397989311880181,1
44.220296047073596,-0.6182329284050028,-0.07481741429209765,12.770288855579537,1
51.70276017876872,0.2670818095645646,-4.451613457581193,5.691484648718709,0
59.9319601178157,-0.3049396727610878,-2.35512930467131,10.150157395820411,1
73.79025224218029,1.416217353377181,1.388218806094745,-0.7619177230459009,0
31.432767517597263,1.9134046335891681,-2.9623310622793633,14.382278227514679,1
81.995500619844,-1.571978921015899,-1.9288085246187752,2.1925338877907032,0
20.718683007162472,-2.662465907115556,-0.07587821349620705,17.517099142144996,1
47.72322357446625,-3.672410746206593,0.5667810185651909,8.349399530167748,1
58.82475809726865,1.0159826538250873,-1.5030777720889914,8.941665090344115,1
54.21487801602549,-2.206733212347747,-2.1950203893832834,6.861330469577472,1
40.659507202691096,-4.305781185904966,1.8447397233970153,8.559805630389619,1
46.87816624464087,0.7771572090619282,2.4777993275951578,17.092656725740184,1
42.604985980117505,4.985999034865581,0.9577161015635909,-2.4390432826753976,0
41.15952864583683,-0.012141823079786647,-0.8293637148699519,16.384826930440937,1
62.744031455315366,1.6769815489032838,-2.6165314432818527,11.690117405508541,1
55.35523228947571,0.16365871709513002,-2.6608888131131305,3.964891760713922,1
39.60635607109019,-0.19777930638228533,0.045028210531514956,4.623438034753811,1
63.493998131498756,1.8381529659755371,-0.16320355822263255,18.381965136041018,1
54.60949281314914,-0.5805490883773027,1.8031971858928588,5.272465600286344,1
62.1929317825844,0.5347846281438059,0.30090018507227834,4.233247447020203,1
59.44443262885419,0.6433956123920272,-4.0061606035196355,15.686572711823647,0
37.56507483616892,-1.3361809072860975,1.1038952354458371,11.692764381429571,1
41.597284397045456,1.9840846990730456,-2.996121254628826,5.310372117318006,1
61.20940407684893,-0.3499195133908173,-1.7679425439047032,11.083124877023096,1
59.155553981501974,-1.5114903189856894,-0.49959958749661104,4.871236581798613,1
49.68647609053778,1.073019687140807,2.9913349795679287,15.504106992113027,1
51.75991074963173,-1.7969359635820745,5.219837112010722,15.306854824365669,1
69.16497343682637,0.056362314738256494,0.21344611827236548,12.660030994109714,1
41.12642916746255,-0.018237993288407087,-1.3663932374407757,11.808305306235082,1
58.20646071755057,2.171791131663156,0.06901129696110053,18.80594062433687,1
46.96711021349159,0.9493964657599056,0.7753108517476721,9.998431636941126,1
46.73478195159169,-0.050053917490287834,-1.6413352511143833,4.090629372895994,1
66.48165277980786,1.6355325984005742,2.5904227118246443,12.247369564161534,1
62.38124523482045,2.7804150980346267,-0.5398584816171959,20.43023524768557,0
62.20264454000958,1.1156206127037245,-0.004513821817211494,4.92620253407074,1
69.58218210731494,0.020705239686761214,0.33184850410892275,8.192686166530072,1
50.31505762449139,-2.623672464700319,-0.15682677877108864,12.082230190507264,1
60.22929456942446,-2.130227326150745,0.6778810009392244,9.730475754971303,1
45.34599865109816,-0.6104494087093353,-2.234506373093846,5.0884820981134276,1
54.86249528732663,-1.2190244043185663,-2.1166035078920613,15.609289281152353,1
48.047854184484734,-0.373942605970892,-3.20030846594339,21.600203610086297,0
51.45493947489077,0.11329984979421433,-0.12099753875954722,10.980657295119537,1
58.9273553815537,1.0593855087134616,0.5578730070242282,5.479658551319998,1
37.726689751497915,-0.14099755611818243,-0.08445426769622844,2.2551973747326244,1
81.3858091352819,0.9730032876524038,2.3489848666950746,11.289879906105904,0
34.90973927750447,0.12894882962024048,-1.0111920376580932,15.519386716581288,1
31.78717080818402,-3.9509331327077426,0.3374833111850253,12.375838732476907,1
67.37166310250102,-1.8786707876375086,-3.1834017522786286,9.987980795405731,0
61.87494040944404,-0.28817511144323094,-1.774199404948802,7.053641741053469,1
59.36179725578233,-2.419389485682215,0.39107551513155503,4.5391818364095515,1
59.4251826389642,1.199857459992409,0.698204221486288,14.17375663162441,1
49.81629840729628,3.0615016646873947,-1.5879338953283644,14.568858106927928,0
36.54118442771252,2.4375237033946333,-1.1431985037161336,2.271351066546334,1
51.137068372905894,-0.426885741860416,-4.035747493361619,17.94919489090342,0
39.842574327318324,2.981452273699904,-1.7140584016132188,12.870356104470007,1
64.62679600126627,0.2973349144042231,0.7807663270395724,16.997973225728966,1
47.79413927746792,-0.6741719422360787,0.15041003221313254,3.2893612575744244,1
37.61754204811233,-1.2268053270818795,0.0013314427624193659,3.1708792229228058,1
45.1792123752051,-0.6049393729762567,-0.9004526256380798,9.255153451163515,1
56.193971814134365,-0.7763536370824575,-0.9858736827436471,12.51392213447597,1
41.54413170794038,0.3408324447509754,-2.3206422789468943,18.98180411463482,1
37.666694066503524,0.3211479620997292,0.39765684040506954,13.530394569075657,1
53.65530817237868,0.006092040306828939,-0.15805411122122037,8.786593615939832,1
53.674498566630845,0.8738763394926997,-0.015962304014401463,4.868153961670539,1
42.39585236943305,2.3812925495726827,-2.0520696853351605,16.150002863595752,1
42.93442541572516,1.8991082708826474,-5.306685839742489,5.176472871246426,0
53.480749060364545,-2.969795936899807,1.1943054235073913,18.142342773861607,1
28.27873487754014,-5.10784226980391,-1.9576749120168082,8.578076751967453,1
28.888043384351672,1.8686398224785474,-2.7255515280862412,17.952910363089252,1
39.22333668121346,-2.733757396830842,0.3869578238279874,13.394656450296392,1
46.798292724322295,-0.4495308037853671,-1.7840252798382592,9.315022552787708,1
54.66361348397007,-2.340226052118719,1.1198727680932437,7.403018140869367,1
72.13034325424329,-3.6039608751600394,0.23401189915339504,8.2954606132696,0
62.86489434803029,1.082925456409576,0.36713864640095517,12.141583461876188,1
47.60092205054859,1.5183103206052937,-3.7319114224010685,10.385782481088583,0
49.71475688145967,-1.1530208014534389,1.423887970772801,7.030942959656475,1
34.96205953043287,-5.18208458428982,-0.4774989375322879,9.17184294841184,1
49.72230296011415,-1.0924888965049655,-1.7385542784924062,10.392885148595749,1
45.670120416197925,0.783608010805093,-0.7132230653154978,-0.64367047207406,1
54.84077840507134,-2.9578231375482575,-4.55247046579664,12.290840573943493,0
37.59153584671515,0.3667198395583113,-0.18269437703865832,5.101393876415966,1
57.79019771361759,-0.030619698345991115,-3.058743016364143,4.233337983971275,0
72.99108369503867,1.1585829992021768,-3.705340571687069,1.5632782644464491,0
48.36859777314714,0.23916073682830652,-4.044718372435782,1.0305375106605492,0
56.02567583148412,-1.946137881763111,1.2253767499798505,3.2227624844385536,1
60.352159875666686,2.3931430033289827,-2.2585267873855774,6.454895211847548,1
43.98169292171246,-0.31705914605394003,2.0674554198329984,19.76629568763284,1
53.36138722715625,-0.05460907901986372,-2.0716029261045956,7.37060162052398,1
50.18888601172692,-1.866535918146392,-4.4147159151858935,10.888750531340158,0
51.465141478232475,-0.8865645023830206,-3.2330488798973183,12.002406932531644,0
38.404853242168,-1.7696054280538018,1.4716232400138773,10.655325931079243,1
50.36765261388414,-0.345892119846846,-1.311796355873335,9.612782696370031,1
57.46997436868175,3.423416960284687,-2.096574592981202,4.023531182003777,0
71.76715411692562,-2.7438022858627127,-0.6799635482944246,17.25463774139606,0
64.3890623912781,-3.2271227957534823,0.0035654723350899697,19.035983218189426,1
82.29773686267335,2.942340654987217,1.2347976318049216,1.5867065293865714,0
38.489786556679256,-0.41864735430373223,1.8969984597858525,4.8798570455681025,1
63.08480955081017,-1.3381454773198331,-1.7195372915781715,8.600948288114969,1
52.75013008607527,2.079809374792153,-3.6520953721640765,5.177311025449043,0
82.8470439982651,-1.2112310794737282,-1.826930322246552,12.529827767279325,0
37.87552571967273,3.6520194270938724,-0.4794389868342277,6.358638987966935,0
37.40417236728836,1.3558517426785381,-2.9275178524212215,20.825280339033014,0
41.009110318339665,-0.9758228162914053,-2.9143018297900856,15.952742971717981,1
18.141564135352898,4.314616426531007,-0.31242423690022914,11.062870153161075,0
42.113674674788584,-1.2114298460066768,-1.0973047031409022,15.13493131659866,1
38.61301007669453,1.484190744018614,-0.9344060091768269,15.529502121786544,1
52.25590679714311,0.5985851608129839,-2.5169906694001387,7.180262559708783,1
55.12633963665739,2.603482578797596,-1.4608014284115347,5.918913777290176,1
78.14256258823829,3.1230223934537054,-2.848466288536609,10.390715314848237,0
64.25635757279075,0.06400829813153325,0.7803968222495736,14.30818062248972,1
41.346445165063955,-1.506835740692367,1.0704986694475052,10.695301993267089,1
36.52377992977463,0.9199442858782328,-4.692375724476188,2.1150175890450136,0
57.37878757259759,-1.3554307395042122,-2.85902172038482,5.985877780245788,1
30.196501894690368,4.026774495053246,-3.993058510180158,9.63013568202811,0
77.47188148781531,0.2730706621654749,-2.300047868813796,9.621671978370848,0
67.69160181081931,-0.7306431026242174,-1.1668759395807218,19.862710883949042,1
42.962365218429426,0.3693606117298168,-3.89929043939706,3.07006028800501,0
24.302982063636836,-2.694252579059393,-2.8437196262506266,12.527946209179373,1
70.3080856124812,-1.943228077021303,-3.007914744162997,17.44556554164145,0
48.28190232121073,2.4008278158888507,-0.585465341202112,21.35724872711398,0
68.56724467960193,-1.3137885579427915,-0.8613113259274991,7.978012884080194,1
26.083585118084493,-2.093821965363879,-2.443475106674507,12.457147263600998,1
41.00937465569341,1.0733055050545723,-0.646358255721204,12.848801785993235,1
50.07865549577275,2.371408309325994,-2.093360169174531,10.977408657766453,1
50.70470890647113,1.4379066213301335,-1.5433102206521065,9.50577399380347,1
43.249017927811344,1.9920953716116327,2.346904180597074,12.17987694750023,1
59.34274898521248,-1.5135901771389215,1.6809221035806958,-2.6612304260984274,1
33.98569355926108,-2.8436213334836875,-3.5991624738551953,13.410347450313157,0
47.8643077246806,3.0026673039109735,0.659464835758349,10.630889518309836,0
51.804434475678484,-0.6453596776842715,0.6227931089831842,8.887625516108674,1
57.71658251088124,-0.5016660329100947,-3.2965265775052366,20.23431097859779,0
60.674223171333345,2.656388283698116,0.6375552875097212,6.625329906047239,1
33.13036862243196,1.1124600188013198,2.0758638368251057,7.984620054674846,1
26.988287438965667,0.9117755441632153,-3.2450896124888278,19.95776651102367,0
69.16515232847763,4.330004689802168,-2.835005642028527,5.839693475750717,0
54.98471017969388,-1.287036460760286,1.035322933687005,7.249423585317306,1
38.7727019516517,1.8556802561624743,-0.45700937834870403,9.26487288284575,1
73.26727963283784,0.114026249794169,0.1029525504790465,14.203672410647746,0
51.73511951439288,0.5371845577265139,-0.31882156719900645,11.039012536766567,1
67.6894577609574,3.0569368528250633,-0.2186081581437117,3.536873264238687,0
51.01277722115164,1.0156715125792475,-3.652944256622166,7.339157184364052,0
80.91121887322981,1.076592158099266,1.0946354132428966,6.963227833938943,0
76.33011263664807,2.1450146746196044,1.339179984855547,9.613894773884772,0
46.2655377728139,-0.7299054590857706,-1.4587814881360555,12.129218293149146,1
64.57356426431534,-1.6784193346780127,-1.0869538996277248,12.09102877943986,1
59.680639243777215,-2.089618388042067,-4.062215005111444,1.1199412297579894,0
70.52947336298523,-3.9327131787520035,0.02850951203566976,15.31970493780428,0
35.52614809129843,4.112414259880644,0.14411488342828815,11.262844229983118,0
60.29077189997659,-2.2064167314433663,-1.124382033998622,16.92266023796953,1
65.87636730274382,-0.442507247171544,1.2487067197410053,12.220991636453359,1
23.618907703653285,-0.5536265997778413,-1.668154461959881,15.50661478867881,1
32.25112231001337,0.6148133956182015,0.12921185178720052,12.332726557250634,1
19.411517333598493,1.6314744250785935,-3.039328677384231,16.73112878101374,0
45.95889748333163,1.7209469767194907,-1.0471043017484762,12.611253180088893,1
60.76313383693943,-1.166154877137877,-1.3487085158056717,9.510423767785479,1
72.53535578144042,-0.334243427572823,-0.5493841559181168,21.362173602234407,0
51.111421706296625,0.5651599009765993,-1.7390538576667172,14.44518561139946,1
74.42923318356938,-0.49738225236709416,-1.2629451913433356,12.868722105022066,0
29.29847812677663,3.2146911520399852,0.6520943428830126,3.6184779173083204,0
24.44926340967268,0.9819499032765027,-1.873528474476435,3.5584619126823114,1
49.16678451655072,1.469755572099635,-4.213154201477359,11.463577410709267,0
55.76098173408961,1.3257625373348254,2.4991678084108413,10.727605988841203,1
49.509578778588605,2.34694771497065,1.762908157380973,6.9293871749584195,1
18.98836849940185,0.3620431174074139,-3.5845253902112373,10.7049134980603,0
48.66319940730818,-2.593663895911693,0.37941561049038874,17.943134640217977,1
30.432957492427203,0.7993759035052832,-2.0059495411026864,13.477012372751494,1
60.04508823245058,-1.302713787583658,-0.47302556933788087,4.294957451236309,1
55.498973691452726,-1.0572333634995137,-0.4115517419730126,9.442455864285282,1
35.90180320508967,1.1727280375101865,-1.468815600632644,5.9751675957371955,1
42.2919962399496,2.4765661428672714,-2.567531331172793,8.061500417957195,1
34.11179717166573,0.0425431534721233,-2.381082104632519,7.931921671851786,1
49.059813540902425,0.6176660251979276,-2.8323838309624847,7.611772086979974,1
64.32713480751858,3.404429889270476,-2.6636444164608895,3.7243231401330252,0
35.21410930496684,0.48150635897713656,-1.1343565800987105,9.361726592409049,1
57.560697732767665,5.20336622836079,-2.4315199782215036,7.19696181576345,0
42.04613572441339,1.1310192912630883,0.3641041314252398,-4.64724345001134,1
38.10690751606484,-3.5215255183116354,1.9744923106718546,20.264860122508317,0
48.394544600681634,1.506683242209065,-2.160106482740086,15.443848271083361,1
34.47136516370939,0.7623167697655555,-0.5211909989292458,8.11849637537502,1
41.69526041979227,2.579505508165491,-0.0006297793941323349,10.094095248702992,1
32.03183161116728,1.3463627025399167,-0.05599545816145124,4.141728263412191,1
79.47087699374583,-0.27691196796754763,-0.8480894641678252,18.47861438905433,0
50.52895327957593,-2.4485964725787315,0.48536483671944475,19.486443473865556,1
39.50411738011122,-0.41804651457205055,-0.03550209463868559,10.783468641232623,1
53.20969866101333,-1.7010409084186002,-3.4753248446545957,15.117653220926723,0
48.31507925463755,-1.1610468996094454,0.7383121287785464,10.876433894669619,1
46.685456007001655,1.1771568088412192,0.7745816745334841,3.3163728056203468,1
59.21250050065138,3.3398090087028125,-2.5265722083571633,7.940883155181714,0
61.36261565070958,0.7893430596459622,-0.9241243291047959,10.659639833859785,1
42.04248278584209,-2.3917661240703687,0.3666579856221388,7.7272614062827785,1
41.3627263903298,0.8892053364402814,-1.4186276391587231,8.90673361282482,1
45.874224542725344,2.393262973291302,1.1459560955320236,9.543002212454427,1
15.471182528966224,-1.2195658086387644,3.7277449892387216,9.595607510672693,1
27.272134067021717,-0.2680343333458354,-2.5719720652699647,10.261292452487416,1
70.50311401166786,0.029376389458394186,-3.7620892063075497,4.6969746680169955,0
74.67451570251926,-1.56979662616448,-0.39236280879024854,6.414919254360319,0
46.264459406654325,1.296560867687718,0.443125010252287,3.5770786715001535,1
58.648354445836496,-0.24189629721556313,-1.4617327476895379,14.889077748431003,1
54.66875231815304,0.8390648878140555,1.9065213266420686,-0.5282347092016231,1
96.18321212682856,-1.7749843556042002,-3.6772115994464976,15.767951716584626,0
66.79362367151865,-0.8749166006468209,0.38583724606322223,16.931746986314216,1
48.0812361277885,1.4447627156555427,-2.2117216415177867,8.489097065086893,1
35.666893390993614,-0.745666304183534,2.4387558124145934,-3.015685439136494,1
25.90330519613641,3.4539277024668102,2.9850307063362367,8.193447190163548,0
53.051954538008346,-0.7992723712292047,-2.533313175566696,9.679079193555904,1
38.654738820735446,0.44936945150377183,-2.09911427181716,4.947008900355433,1
28.666194356034886,1.8651816637461798,0.7191757739596039,7.423908030958787,1
40.301406736362104,-2.8367314658660634,-1.7742612995790292,17.650975994316756,1
33.77677994578407,-3.5216176239615518,-1.0908224358644765,13.324635811508704,1
75.30712452608847,-3.0513126291401895,-0.9492231589151796,5.377179428109501,0
63.224596354241754,2.525168206854364,-4.839346312395312,2.0120041520228398,0
49.88041038025074,-1.1037162917848935,-1.0276754921884745,8.364913411951145,1
72.19916208335039,5.1163985713365046,-2.3794555481283477,8.93271610324781,0
51.16052461471428,-1.1284951973147772,-1.986245644799544,12.480995936816582,1
37.08073698007605,0.36910260639407394,1.8872640069376283,7.323416437161705,1
72.84686115904486,3.0842199051357513,-3.5130137885585127,12.557497876809308,0
58.08365065526988,4.012185776318246,0.6264103734959545,19.675770200301145,0
34.441307685103155,4.123007153272796,-1.557925860663617,14.077505112221314,0
47.14491982874588,2.416732461186285,-1.5595203369916688,9.759557463346137,1
36.86572619922865,2.048125051622925,0.5807437921034226,9.084247644733527,1
29.25800403553496,1.1850538984023662,-0.3198974108622191,8.216634329100645,1
63.892663212974625,1.5567221523332755,0.14122599443906192,15.903204562260722,1
78.64124960705196,-1.1023714326570668,0.9363693210657222,6.863432770243485,0
29.02148639271288,-1.6363977668446144,-1.6626167663666456,10.226113544999913,1
58.444538550358565,-0.006748914821904103,-2.224473469015501,10.255989509405426,1
40.2403614631726,-0.3403692450498569,-3.170301053115596,7.49107903594234,0
42.69311924352956,-0.9064560986545503,-2.6508210599579103,3.137672260579496,1
41.11409113641696,1.3927748949134306,4.8981888506174505,11.61487251808834,1
37.04013845480276,1.9106104171410214,1.4893591614735735,9.694980140723082,1
50.72782441917241,0.1768137725836947,-3.7021487324160427,12.501202347182849,0
37.535748253834434,2.9550601621105237,-3.6449159134871403,7.331998467804166,0
54.056852386697585,-2.28337822826701,-0.036267876563017,16.10410649406524,1
49.246428358262946,-0.38731891855943623,0.09452959475593392,5.616131093940776,1
46.41577929700385,-1.4336446412056099,0.0977676706347288,18.560201420089463,1
36.386545069376034,-3.73307323414612,-1.5099115871073958,1.2618174508586915,1
41.34843004147501,-0.1653613716853985,-1.2509085200058006,12.173850322784457,1
61.33086838738634,-0.24349501676656707,-0.3442409516812852,12.377153412633117,1
57.51375781436571,3.026899486484262,-0.8282139874133392,6.022214660295589,0
35.33667132802174,1.261623369109555,-5.43860074549507,12.121969689305063,0
51.489984581438385,-2.04837364865841,-1.4595992611503876,16.397593348800793,1
61.27080685057683,3.7081851326683766,-2.702812868520627,-1.084094196770323,0
24.958920783179423,2.442067391050706,-0.6495771621829759,12.513724037454073,1
58.15040288569902,1.1641954069372316,4.97051800520682,-2.4663541016503885,1
40.060643615812296,-0.45296819769966384,-0.2650366690513912,5.1716759823839595,1
58.55898002889739,-1.9188784734469595,-1.627059372344796,18.145831824504725,1
38.55111265186225,-0.744413552142106,0.8436030039545044,7.09108983303973,1
22.926768490032213,2.177497239408372,-0.03462422558157463,4.130600177955137,1
25.586863431752562,3.769172611869218,-0.15981101909631745,9.01031135507659,0
50.72127419992073,3.086487056544378,0.21370118643134206,20.33953169081776,0
53.89583752582223,-0.9776988435725482,3.1130871296590827,0.8415887639698703,1
36.43525062343387,-2.2392348665780224,-3.2617768706518313,4.743450441803278,0
59.57888688166061,0.2817724938224079,-0.052735846377091056,17.487158415898133,1
25.0771990659656,-3.5368787311257033,-2.852762259963077,19.288511717688664,1
49.00880302029025,0.6463354283695629,0.11102529268449657,9.48284387854858,1
31.83475700356315,-0.29520517259733736,-2.837373022972189,3.804736487366788,1
40.222458382967616,-0.9320730037364845,-1.8347336272101686,20.479217509045796,0
50.71098006974621,-3.189406134533591,-1.5901798284758126,17.972211958745984,1
37.09379952074072,1.027200213139433,0.9516334386894181,13.394734938811165,1
44.23166683655262,-1.0654016793238228,0.8369088878848276,5.9379882553128995,1
65.0943921382166,-2.339833671420576,-3.491434752892769,9.754853295809816,0
41.34662195715277,-5.744524426563299,-0.8901317780003025,9.198199594775847,1
62.535381680977125,-0.05502981010127251,-2.419159709498345,11.654256523077889,1
33.05439718013573,3.544503193339488,-3.517009821350669,17.25500719065668,0
57.947062668729245,3.32251842909574,-1.434034100848741,14.397085205687016,0
71.6235293098685,-0.9141925131725437,-1.6169655769116393,4.613119615076209,0
12.925332498090661,-1.204424120723561,3.853432972691045,16.882482250097688,1
38.046571167942844,0.9375485121500475,-0.13408034927860768,11.565660700065777,1
58.6560819077081,-1.996770878376583,-3.7552350015084746,13.435328979294582,0
46.95431920935511,0.6035837996389319,-2.1295480083418843,17.332704296393015,1
55.56718810056963,1.5321605567693806,1.0427665908587969,4.442098752432244,1
40.94022219926269,2.453866447768615,3.17688554573985,9.820872106467686,1
51.2988468120935,-0.20030815295990556,-4.171966624475917,7.342727243203925,0
47.664841469118805,-0.40734750035393175,-4.75984877027809,2.1607028731727205,0
67.5167309248971,-1.755965173513122,2.7419303507435644,11.7335498880246,1
53.816312649518196,-1.65376070807972,-0.22077164525819226,22.55778275792212,0
55.064039931128036,-0.4529577838030535,-2.736585463752733,0.7996112774712358,1
43.82184550816299,0.7347310136323562,0.06925817224487063,9.838596944752648,1
42.6859066389126,1.8271692524664989,-6.2714954780337555,13.202714675373867,0
43.51162718270569,-1.6063579013606897,-0.993248986805678,10.615391008280906,1
55.91678213567445,2.9853771379190435,-0.3443576543138295,9.434359737421298,1
43.68523278769605,-0.5422472020851375,0.8485402790756595,3.503918182770879,1
54.34662285344619,-0.042734588696872314,-3.0277919045850754,11.163933714700818,0
81.13101197968157,-1.4944233582956468,-0.828625677193282,6.216180114920368,0
63.06687055147539,-4.848480520545883,-2.8508492521191746,-0.949608524892767,1
45.10964701748238,1.7680907927220995,-0.4892324886513658,15.972961102568654,1
68.01820883245918,1.4736877941848667,-2.7906926447260485,14.791929099210211,1
43.87886940467673,-0.5626551142364268,-1.816201678320441,10.258304884255399,1
19.428131972332192,0.13398143444974384,-2.991630789580458,11.145373441028513,1
34.87870533623894,1.031878435408199,0.30227248364731407,15.371590063577807,1
21.938121184612164,-3.1250917137730854,0.7169022333133306,11.121698283890414,1
44.72729773938037,-1.0581053546925896,-1.4692411399148275,14.520087773806573,1
50.276275687843274,1.5885293592436542,-0.9235240100799433,8.51258899563075,1
75.14655968412924,-2.508578846338499,-3.8971828292670883,16.559918692869733,0
54.90391060646244,0.5871158643332586,-1.5993532960135741,11.60392862966342,1
46.71349206786704,-2.71316360924681,-1.1004092340834895,10.97025971802937,1
62.441083717752335,0.9328599648670527,4.24158618205995,3.64969455643984,1
16.832970364881724,-0.07128296459496714,-3.2239340515483272,11.434779271508544,0
53.53421837162849,-3.230263631811019,1.9283544775048749,5.840225412527744,1
61.562977908304504,2.3294787089143427,0.993717546931616,6.808586367357529,1
27.821206313302376,-1.4691831535960984,-0.43872719101972724,5.923121858419394,1
67.15631064810394,-1.620504874028762,2.517240968390267,4.668825340503875,1
55.07744611241621,0.4011383944618857,-0.25578905478627423,20.62385701508481,0
43.77068129148798,2.2972746988574304,-0.22168160866414255,16.656695309942016,1
59.491727991594274,-2.031643637956794,-1.1062413060350906,19.601837510721307,1
84.06039286706593,0.1233596996959433,1.447137764837255,3.8855249022221807,0
52.72799382587743,0.8576330006611459,1.1929384676217674,10.356268749554463,1
53.723308794505044,1.3862112145262881,-2.251354574992425,3.5324618739795213,1
43.109586506896335,0.3528831105544504,-3.6384943891975348,6.52152561401468,0
37.25233445802812,-0.7340556781666446,-1.4059612747913142,5.409365082917126,1
62.455037248163684,-1.6551804412974394,-2.600077128795293,16.197920032207808,1
37.15874261136699,0.1722877660927495,-1.1270491492307102,8.0188516094912,1
51.073493558290885,-2.144278023971214,1.4748762693682784,15.341896668470081,1
42.83513829852325,-5.842700966989215,-1.91460331017358,13.02060444794259,1
57.18469738619588,0.8731196083153356,-1.0856467626231499,21.518193760523943,0
55.00493157930423,1.8078696821723905,-0.8839545303832096,2.6027788843013795,1
65.56309916386849,-4.725864871083677,0.6968617644105692,16.296166198933996,1
42.349754017178796,-2.019461409419875,-5.49377866796921,15.732204352003638,0
45.95187597059943,1.2383085220103955,-2.2134005895305933,5.133105809864827,1
35.31854426326539,4.114990939423397,-0.5774326154410545,15.035666682365799,0
43.33560109885833,0.04158741535081579,1.4001579128537225,11.680724815131144,1
55.65950739567278,-1.456005882458269,-1.9838048950124103,8.86261870023296,1
61.35482924968028,-0.3657928822096803,-4.753105412083748,5.880322565140002,0
36.167520137335615,2.7497528382963696,0.2394228919322725,6.404452742754071,1
63.044088801584905,-1.2919283582490706,-2.2707247776512585,20.24906047892963,0
70.33456788207427,-1.5983840133005072,-3.3793333181807226,10.003414094787413,0
56.20152354835551,-0.9654870443640649,-2.248690779426448,13.910650007657296,1
78.151937188371,-1.9066572165174247,-1.369050715311699,6.045503091662234,0
38.39316201344641,0.24534063198959105,-2.2094893290764253,6.100735268891806,1
31.330179450328746,3.249356916939121,-5.411132114198138,15.40992404624971,0
23.31919626643582,0.6461585462320582,0.7941323937742644,3.2521189422423387,1
72.44066467233775,-0.5047070042525752,1.5497500825574444,7.923931160473643,0
59.81548484531086,-0.5836225378310882,0.30304398267901145,10.17013705536116,1
49.16622993634317,-3.126381617393314,-3.275371340849633,10.556863009200262,0
54.1995293947973,1.766219554294318,-1.402983067895036,9.104533574919218,1
33.11766429052435,-0.15567439402560407,-1.0130426304589162,11.979098905479615,1
86.68627969425239,-0.3609598271812513,0.19758877912382045,13.464278779089058,0
51.93831772962841,6.386215135689722,0.33668097743616165,13.67318772729665,0
51.64092191907339,0.5975058167313725,-2.4683475975569915,5.070980956660867,1
60.88649935848038,-1.5035821001903686,-0.8360088871728791,8.579224510356013,1
57.2151384760507,-0.8527151924110866,-0.08543919076951778,15.97381430938469,1
53.35826036418697,2.2968914183935096,1.911644644293533,14.473235937869362,1
38.142883168320324,0.22654082107552892,0.4090130796494462,3.13570274259468,1
57.072025357039934,-2.8765559566347334,0.5781133747510379,11.757399501761007,1
78.2303674471255,1.838457869150407,-0.8323467441412782,0.10887375312594827,0
70.18130069232467,-1.336288171077988,1.8209182904070076,10.234674510301849,0
73.89779939959095,3.746595552435091,-0.18047440808100523,19.488835083729885,0
42.33176485353222,2.160096131429297,-2.722175820347141,5.2605364136550685,1
35.15592769612129,-0.8946437913175024,1.8067399402503814,5.82838477254209,1
48.11319619850528,2.562032723470226,0.39580654507805524,13.820148907864297,1
50.835873684330416,0.1357110210548066,-1.8860880422569646,2.28599242395177,1
66.41287277706422,1.705547350244439,-1.9589859347984868,6.836224850574805,1
24.61303055427771,0.9694656345889495,-0.4068489097184764,12.982205687908763,1
72.9432547919092,-1.692713309981747,-0.07363040946483057,6.828570761552984,0
47.629881521315156,-1.287099664634924,-0.6054154687375871,8.820150063945142,1
43.5967839507887,2.0599216351623224,-0.37738265311423025,13.720928551575174,1
34.81843437109749,-0.6695506642130817,2.399914749152761,12.107730417682806,1
25.17714992201346,-0.8072969264839934,1.1430863044697714,11.334091981477009,1
62.34755875942872,-1.910245158698706,-0.6187288174699513,8.304388603649807,1
51.09976950782606,0.8471981311869221,0.8826211615349666,11.850305576344777,1
30.650586503884192,4.12504983848629,-3.065047807055079,9.381336599501218,0
30.573818419045757,-2.1350658285085458,-0.20414590010638212,12.289028049628923,1
44.96322951064808,0.04843891334551614,2.61861269946622,7.515339874410109,1
75.0353228793409,2.8244411108308585,-1.4360917907847477,9.087155128102294,0
46.10612972954593,-0.1592827824914303,-2.6952678572381696,5.05021103723993,1
27.45285570322841,0.9047435924994678,-2.3041777771861214,9.82496194996882,1
46.313854038710836,-2.1247870562937594,-3.1792660746847767,5.944995681855776,0
45.90914645378494,0.8566141944152972,-2.5695238162554066,4.429767749190034,1
9.546700355876425,-0.37428853000909756,-1.741016197180058,11.29330573927694,1
49.18557700223282,1.971459991359726,-3.811134038357284,11.063698879288301,0
46.53598204686983,2.3747721031295024,-0.9687633321007939,13.914368674742862,1
60.44309547220128,5.179127284037228,0.8045543475732944,7.844372152124505,0
77.73434142418017,1.1592663464271513,-2.815512360293841,12.040264234183779,0
66.89847544321637,0.6515926331643329,2.0385678472835376,12.753987861368316,1
45.96666964167754,0.38876860315467204,0.021584177055189446,12.223869039157973,1
33.40211136887494,-0.7063325856213767,1.0611611712481146,5.87173158598929,1
88.60039704874791,0.6769676869233823,-2.315669107704274,10.746817411355945,0
50.888276510217324,-0.5908028202780589,0.7090504541332314,11.820701480273307,1
50.20893937869419,0.3369219525392286,-3.183867800790626,10.03589233453971,0
49.638123693349954,2.6351950712159193,0.7804950016730174,-0.43238829185542293,1
52.971271411517826,-2.0130851305592823,-0.6563213204129376,10.8024481198674,1
47.834593821140864,2.279757122258091,0.10650243996956732,21.06265519698621,0
41.39506989679646,2.6342301346797306,-3.3511892112497033,8.199803656215087,0
41.79711588139412,-0.23613705398215748,-2.7901396845532096,6.359614510723395,1
49.50870094676002,-4.243709798017189,0.19445643650676958,11.866742798556992,1
41.84862843299352,-1.215643974188865,-2.8966960084484015,11.561891052332859,1
39.30731325984253,2.5939890931222185,-0.07358741580175387,15.963675827082072,1
51.596453415378456,-0.045736124597764244,-3.7342756129204915,3.710659220455561,0
46.17534173868717,-1.9986044645898215,0.6963484253333363,13.656901262874962,1
72.55989482874033,-1.0095498424564349,-3.465046629537018,12.952110306257318,0
10.235452874104823,1.681240053009106,0.10459987535904647,9.28926731529727,1
66.37260277883692,1.0934671364027586,0.25126186729200173,11.69343658960845,1
68.69127788746444,-0.47786419833938865,-2.3935436368591496,15.147287407991787,1
18.89914651387776,-0.7336488236293751,0.16405313416945377,14.361576900142252,1
44.85968608879477,-0.7835162980876438,-0.47911547333288806,4.284903439631357,1
44.428387010063126,-1.844820368997005,-2.0776837123854763,14.100790933777422,1
28.887324579232683,3.2307513789388835,-3.017109368152416,9.676556974837407,0
38.33274968613687,-0.6446409384226798,-4.925251383345158,10.364370490077578,0
33.34136231801257,2.434317041650993,-0.30069990540061264,10.365984955008473,1
76.28405665135435,3.0426321038449027,-4.129605542724111,9.2487850560087,0
64.03517589721191,1.9966217962959207,-0.8093116011173835,15.958537485535324,1
69.07332642491238,-0.8632406254360968,-1.5268964321644982,9.58141020075394,1
60.82508096064853,0.8074601806732189,0.3582855508763909,4.4022693580841565,1
33.06422343174156,-0.04839121278183233,-1.6040909989797285,8.032350720151356,1
42.132196005803394,-1.8074037214602563,-1.6588955726941828,10.893473584052378,1
57.34061841841877,0.648718563443206,0.4637414085765912,16.146073921485254,1
31.668082866620818,-2.358079582319605,-0.32988394183176495,13.015473424744169,1
60.69497645258582,2.3753587769231275,-0.36768808563444344,5.74732360626478,1
46.39511902762798,-0.9292345945967861,-0.06146482038294754,22.425949583394456,0
44.377687886756036,0.4023193117456786,-4.071144246414212,11.323876554889898,0
60.664399523052374,0.5665757430922843,0.5135773599739639,16.376953689995073,1
56.6639496722906,-0.5178099474081547,0.22493758802720465,9.241427832113855,1
44.585507512713804,1.1733876029505494,-3.0333662571529945,12.666796223527246,0
67.38994705046372,-0.9498073132450489,-1.4881609473484025,14.197342522592024,1
33.78405008600154,1.7425945949144883,-1.0786145752552623,16.09097355877128,1
59.239034104163956,-2.691959360493497,-1.2689935688034655,15.286841526891125,1
58.89651886952576,0.25275915909282365,-0.33228006686293066,14.360985000364888,1
45.35680341029015,3.8778579981165695,1.862733563662367,8.424566344029458,0
54.89199533363177,-2.0006626492111494,1.1635334553456573,7.1412697902196935,1
31.233296354220457,-1.355489941049703,-3.6244383868628125,11.663037551620988,0
63.860405288103514,1.02781569931783,0.2441399806120974,14.665640361705346,1
47.22646795335516,0.3591635638791959,1.6578666390708192,8.886396496116966,1
42.15915469221441,0.7012601985471184,-0.22638295862159474,15.325859828571932,1
65.73513838755333,0.978374260295327,1.1819608503719339,17.263083727430896,1
39.43484464185861,1.2694429371235398,3.0245408914015304,5.418395404632902,1
28.873080554546604,2.2193996839124464,1.0474190922139628,5.815396481018601,1
26.650562397141442,0.8196373138570251,-0.5013828087165423,9.298124705473318,1
59.0901492701846,-0.4825153092370849,1.090176948169507,11.538063340945982,1
30.793559712555755,1.3451474024054626,-0.7102243338062176,7.377164931164746,1
76.32191272976547,3.7997638697904312,-0.9521939134300891,16.76101339433572,0
18.771058881744167,-0.2652674927651471,-1.702828471427465,12.120334307592255,1
75.44684552435058,-1.949058609341283,2.1268267176642164,10.197235241203698,0
53.16526200803928,2.2141613385739456,-2.636857331884003,2.820452380657362,1
48.549303321944116,-0.24076232790719648,2.064735449356232,3.420920917862464,1
41.826213697865754,-4.345339092028072,-0.0002717525192572623,11.405046251409031,1
55.987041715281066,1.6948433543008432,-3.798612349603883,-0.6629781307741816,0
49.435479463627274,-1.0706563719078455,-0.26470141401715686,15.063187048220358,1
66.54952823024783,-0.18106656460832155,-5.200053015303248,9.209230778138398,0
51.7134147299306,0.6639606611380291,0.2510160336620715,26.215464847973667,0
52.25452642192816,0.3809993595581328,0.770462965977982,21.539581253080552,0
44.54581681679216,1.418903634278079,-2.184711911304107,9.092754653762416,1
49.14581564418399,-0.8709727411396867,-0.7529046080888353,9.468314987343426,1
54.61702653338089,1.0262115963521654,2.9083148675005726,14.97790757001015,1
24.347474110150618,-0.5190933551678344,-2.011493408523873,18.515863049590187,1
29.777218668414307,1.477620961775006,-3.117815174113201,1.8098547128199165,0
61.148961410340725,1.2307349680261068,1.9633268049251975,1.0681226732265667,1
52.562981571919124,-1.8708774040891907,2.9251743810615896,6.889825972228093,1
47.24024995470981,2.1719642323500645,-0.9926086563043054,12.913687915869321,1
50.2765089959809,-1.071926890228096,1.0229260708167125,12.484367952537985,1
55.21372558042506,1.6161155965622902,1.6829518310617622,15.34885727491925,1
41.90360479535958,0.7345746268026813,-2.484968465076768,4.001512358173459,1
38.32542911896531,3.676367353590245,-1.9706116707357366,-1.5807193148443837,0
52.93767882646522,-0.4469319647437043,1.46174902630947,14.290070976510727,1
35.32440833577452,-0.698633592236395,2.370028557417019,5.859018635173827,1
56.12379133571708,-0.03883921177546522,0.12576172034870958,-0.09243932194318916,1
24.461245936432395,-0.6063595656685509,-2.759628707004109,10.725318729796909,1
65.43733455988465,1.5998838038841001,2.9741222233988824,13.965878441093388,1
57.08896223619564,-3.232621216873176,-2.061941795623929,9.389714339393613,1
53.840446014708135,-2.107364838292708,-1.6702755623429035,7.710758069087554,1
64.74036475918271,-2.135605843158386,-0.3153243310207571,9.203188839270467,1
74.98211666693865,1.9006151839471515,2.1083208414295482,8.147086187996086,0
65.21555097527195,3.4212267451638505,0.7079519531044474,3.259764440299165,0
22.386886530025322,-0.208898437074943,-0.1702689992761791,6.426596615047841,1
30.806345498964475,-0.33764344638002125,-0.07342293976378755,12.606399525069072,1
40.62772133456482,0.14010432622636276,-0.9129706627130678,11.608392706882501,1
50.3913657531625,2.323756605216381,0.1162790290370126,10.840299029834101,1
57.76488530703685,-1.8547062683811482,-6.059120155388606,5.024257590733103,0
39.11384280269802,0.47673796546957026,-1.5932149181395967,9.092484189321665,1
52.80150146715617,1.9503952595648595,-0.517356130166438,-0.8853252322142744,1
38.66925601470016,1.0021883398796905,-3.302028167239014,10.89238331942695,0
40.82723295512078,0.3791632331974868,-0.22735336437688003,17.144288539067837,1
28.900083547276665,2.0020921851342823,-1.408942441972243,2.629339339789471,1
36.151501308336435,-5.406464585998474,2.51095139663098,7.070361633411224,1
29.724730915754996,1.3557506390618153,2.1460394504297127,11.645533893550647,1
35.36190120534001,-1.3081513662548476,-1.9316111382363257,16.264213172137417,1
65.80462694911759,-3.661265793712914,-1.3016754231333907,7.7588769184992525,1
35.759016667520854,1.0224051990499614,-1.147895131216785,6.538748353670519,1
89.48573097256086,2.7473170903259154,-1.9033189523192453,0.1553842879195848,0
57.39976851321334,-0.27489702925538373,-0.6099500319437465,10.517190646540532,1
52.77254185542311,1.9057490944058777,-2.5165641377751804,20.21038020071872,0
37.1246332972818,3.224556515977291,-3.2612306698750526,11.38679230982338,0
60.50464819113487,2.6298289071680947,0.24542244780053712,9.888605104081433,1
41.36543260643339,3.279929058742786,0.25905916844362165,11.610411553834927,0
51.83014721968042,1.4842549821437845,-2.6086315193199847,9.94453998025699,1
88.40126807403192,0.1508672778031856,0.7907108615251992,5.934928138699351,0
48.559101504130254,-3.203931623794337,-2.2631554583306626,14.116399578388528,1
67.23909989428513,-0.49212497625989715,-0.4936695239240376,11.128807615558772,1
39.45235362311169,-1.6864931906323835,0.6406880252249121,10.088066259668286,1
49.47517264254557,4.3418854349956275,-1.067225129407426,5.123169863608751,0
76.56200953453265,-0.3517716248646732,-0.09051817571773124,16.517539659673794,0
40.59549413318349,0.24640961356897134,-2.0328592877751435,13.32351372666555,1
77.18672836995393,1.102970752080935,-1.3929331668561944,7.23539581316349,0
60.616279031832136,0.08720489274490745,-1.4117188617606806,15.009124268409685,1
41.56299836158598,3.390102080861506,-2.493156693080478,7.512145808073964,0
59.48611608583281,-1.245298723468904,-1.3535483262315642,6.089982537444815,1
64.58831674440094,0.3892149104744854,-4.097236597727493,6.201484412598565,0
59.327149433257944,-1.4849411713960965,-1.9823074942842094,1.1446572345595438,1
26.446629201643155,-2.6400450224414116,-1.5697509867393418,12.35771190209103,1
39.09294236262697,-1.2235381818105708,-1.5123595049907603,0.8442756083082497,1
46.287220466727426,-0.07407359409682404,-1.4829948917415576,3.857780843671187,1
48.88349856349931,-0.8586044490345199,-1.1235283997202579,-0.37794004539266624,1
59.31008146326017,-1.384841959747712,-0.04111696382787222,9.569651536045535,1
52.66551501399881,-2.8126349273436677,0.7490341482650451,9.24839769864064,1
29.969834619348482,-0.16621114525738953,-2.2995304536965344,8.36651893406818,1
55.70296776508945,-3.0094407480620045,-3.406401710778289,4.787111526647118,0
59.15878617925735,1.5201119273792052,-3.084088824486206,4.1388312328168,0
58.396856718965594,0.16487950586900657,-1.9744058423898543,12.321849317732871,1
66.21171088331933,-2.915102998929861,-1.703842635633018,7.2472403414575615,1
62.50883231823356,-0.6184181540997269,-2.5399921323949144,11.581791607680724,1
56.88770118842655,-1.5043128111811663,-3.592233328499789,5.5737565693788875,0
48.94751432812029,0.6383490208383609,-1.9122416549483763,10.905313713855412,1
25.08558599726013,2.680900892046289,-0.6371467597720573,16.516390186580317,1
56.44427328698879,-3.750344939291489,0.19005893167112942,12.930829001963916,1
53.115315307446664,0.23005215829483433,-2.1148461062166426,7.937930908917599,1
54.0736825579306,-0.3202655911332808,-1.8259956442868681,11.285994851779638,1
30.84877136269536,1.3426801529009313,-2.8533966176946217,8.796674127348934,1
33.784151893876064,0.4263932564753783,-1.0628783407495528,10.039400923473641,1
65.79729279999356,-1.5039386634776382,-2.6968572683816294,8.371944739257483,1
49.406672692150174,-0.6381078713332363,0.1462556264824002,9.178323970573045,1
60.22251046058936,-1.592051713606978,-4.571732983868222,11.060466765370876,0
50.42477564195692,2.1520142771971966,-1.7192593449049247,5.033206502090247,1
50.446342092436176,0.04262329734388444,-0.3977853216165158,4.920605865050108,1
64.07425708963997,3.802381371506015,-0.6323309673549913,3.0572872308439445,0
42.25932907673939,-0.12132162762924155,4.386067327960993,1.9986444774814505,1
51.44181165411475,-1.4168135338209256,-0.3003999508641849,3.9135865388976034,1
43.06587066942436,-3.0274287852256543,-3.0081091936840205,10.797312534020646,0
43.482556588515266,-3.60627935251189,-1.190928494178146,5.53606242254058,1
45.36241814797041,-3.1682718860109795,-4.5524926669329036,12.568072321155482,0
53.33200657450569,0.5342533020229668,-1.1611994985935217,10.173568743762809,1
42.818770675047844,1.0174500464598677,-2.6661121140015176,0.15747893280973102,1
68.83634188360281,-3.162381404064267,0.8307805511203235,13.274877921108448,1
36.580890466707444,1.790076628152231,-2.09908054919107,14.05399322795855,1
47.196925337579614,-0.966122103366879,-1.2335318315904933,5.030686625825734,1
43.40403412588738,0.29358602397109873,-2.271115682808807,12.100957714474958,1
71.704668265306,3.2244412565108487,2.4777027037066626,5.717508812954005,0
52.94832164767362,1.7936786317310638,-1.6424855322358234,10.488351883741677,1
65.47766809202952,-0.5370612958116646,2.6651140869584036,3.677507965225172,1
27.71659440444542,-1.7823844508305748,0.6283035242365331,1.034467737327116,1
54.00575398803888,-4.30363080265861,-0.03586654532922773,8.085914051935157,1
63.34446193435156,-1.4383066384848402,-0.26253370536496057,9.38135526862582,1
51.23425983913136,-0.4222604776553889,-0.21240540356749693,8.01160153192698,1
65.98220562598027,-1.974359054302368,-4.85534515869122,4.079847208887203,0
42.24067324849442,-0.26251393418460944,-1.557766788301513,8.000504689344314,1
71.1402116027837,0.15370376591753643,0.6903159423686431,11.34647376290367,0
84.48347185428875,-0.4497119636161571,-1.097794366948211,9.775534849387315,0
44.55742159340512,-1.3000051616469195,-3.81037969360715,10.912505152996067,0
43.31746217898842,0.33730934393345535,-1.104808901154939,6.649423997728835,1
71.80076715676552,0.8838812991388181,2.4082110325109825,15.858589573580797,0
73.69358218596068,-2.180798154885692,1.493783431069439,4.119133317226097,0
42.15709959270097,2.82186475949254,-1.1240080187320636,12.437801485433592,1
43.69719774356214,-0.19717626456852347,0.9028985541161731,15.909455464799809,1
45.773230867092394,0.037699245889695324,-1.7330140407361037,12.404540463744476,1
29.833242334485846,1.4164288465131143,-4.407743173653438,8.98737886467585,0
36.220220802737025,0.4664322625270033,-2.8489319762591085,7.358514766685104,1
34.93788849871898,1.9062732678264902,2.1257775370163956,15.18043825523128,1
38.483036523438074,0.5742483304036484,-1.5479861636586083,2.8851253736916345,1
49.47972668919828,-1.2248747492808758,-1.4867679587500362,5.149378698101782,1
53.51322098804781,0.7230070504122033,-1.5996763925497612,8.012211172541393,1
73.25750739221115,-2.2874524146413235,2.808273179146014,16.18826878755999,0
35.024689388918134,0.2171194115530463,2.2519178307241265,11.89883818020448,1
64.76483597714875,-0.0664599812889216,3.437560466896268,5.159771207448774,1
46.790167336617365,-0.4162337145450794,-1.3180904208001025,8.448461473075481,1
49.25804435521351,-0.2570750228778615,-0.40875102250580986,6.928384279518528,1
60.122292382499054,-3.763698090995278,-4.033285098841582,6.451055038832324,0
33.159169676565526,-1.097449815481923,1.9538688522365488,14.894447792783897,1
55.736146192760756,0.18568980228222942,-3.33555910253587,3.1412843536824724,0
52.49678312319584,0.31971278399480074,-0.5664488724747418,18.043904278671867,1
57.38676896012224,-2.0553502818519163,-3.194605055265688,14.141148450923115,0
54.33752965861727,2.5314156817294013,-2.177733653477392,15.45430835301849,1
86.82950209866341,-1.7323496964290017,-2.6745248620994007,7.685302439873709,0
40.43390023623026,1.9389144010534736,-2.2157505213516355,9.250296404604454,1
42.035045674972736,0.8543887237433697,-2.078245406297957,2.83424092737644,1
40.65289210362853,-1.292454619687606,-2.096537589850154,7.376687964665985,1
41.66784321259618,3.550621785219024,0.6666678235606143,12.468274238215754,0
40.439193090402235,-2.38727366351296,-3.20972558612504,16.48031530890698,0
67.83524796661328,1.838308347220003,-0.5589171459722663,4.464215915987742,1
71.30756371984782,2.0011646360859565,1.4359183046111168,8.17247031507367,0
41.438805593757856,-1.3412404181532898,-2.0263927290267922,9.243503898837389,1
37.51466640343657,2.7849306001286576,-2.435837781495204,3.021053989037574,1
57.07123334579606,-0.5000930291979055,-1.4610492503605017,12.956746208792001,1
41.716654335785435,0.5773872585597141,1.3594504167214203,6.380048341286955,1
59.493977266332664,0.5206436775424415,-0.6117847380932846,9.02304824411488,1
53.0438453127695,-0.2686174829410956,-2.0624285892151972,7.740253140440611,1
27.263838275041522,1.6216165463195642,-0.03224669762392052,6.053307471401628,1
73.21257801995093,1.586977441104426,-3.2045842996728466,9.964775072597227,0
76.93816509643283,-3.4970639464763615,0.3627190208858959,8.921952107159889,0
40.80816964273421,2.608680485756305,-0.18278538459646476,8.140710588606673,1
44.18447660096024,-3.3249839760713487,-1.6156169422777682,6.357691891598286,1
54.287980860873574,2.0650924086833147,-2.6771715968944623,11.597623353914777,1
55.01685184980538,2.2534102736551667,-2.7733618445669146,18.268086342461423,1
59.878164090092454,-2.1819328604303965,0.06963467269182044,10.699436164195637,1
80.15306808149525,-0.8216285759091696,1.4579610049781238,14.980591074555644,0
47.34579158758926,-2.2114093369718715,-2.2746154940575893,3.0488903742326867,1
38.02554133192319,-0.42984206057747065,-0.08322659289703149,10.788807196468847,1
29.31021157978209,-0.6160685683714825,-5.1740540372041375,4.513158405144667,0
39.036049400871214,1.5593210645386797,-2.169235461314399,2.615375362340493,1
49.503095406893046,2.6206174922392167,-1.062117865741804,6.303142962704818,1
76.91836795276681,2.791367621579912,-2.8193668339636675,15.959496672067864,0
42.235830514457426,-1.1243360531566042,-2.8730127495791917,14.750079143348227,1
53.35681927458348,-0.41844374748905555,-2.3355591129377724,11.215023610271999,1
49.753656558908716,-3.3668763844419005,-0.4156145433472537,2.3364972005503457,1
67.82589910172126,-1.6117401329923775,-1.3746580368127495,9.018596743060316,1
87.90398638810433,1.9297032661949152,-5.476462466649944,11.508500044508677,0
42.03696840619519,3.2311656470964634,-5.241400305270132,10.87768114789299,0
42.658408362226666,-2.468697743759844,-2.213730355714351,0.7810320825962709,1
65.66241315603608,-1.1849285183057885,-0.08462682789289588,5.548410759900641,1
60.22837234439467,-0.05281151391785406,-6.495009685450469,9.679611179256417,0
77.7006098860405,0.5603223176392136,-1.9994603523032612,12.68145454758595,0
58.75892277988946,-1.6192070398432923,-2.0524957130348422,-0.9806391054997317,1
44.610618638194104,0.8481220889281794,1.7766755564168957,9.189380122600708,1
58.85982246038464,-0.9476786941418323,-1.7700436234257273,10.715243849394762,1
66.63055370874362,-0.028904541756558207,-0.23402203051814308,14.248059942581065,1
62.30723271796046,1.0925684960073991,-0.7174857198250735,13.464287921187184,1
57.609110466609465,0.012844539621875633,-5.261132959614401,12.912856594044026,0
66.00012034383731,-0.8727717810531372,0.5364144332634746,6.000297466490329,1
67.5394338566851,-0.21921960785166167,-0.5692069890874241,0.4599893143834617,1
70.7323848655629,-0.17672591841067065,0.016537279349179146,8.034736214692995,0
59.73064831384464,-0.7400220597642554,6.8524754128726535,15.0081591260428,1
47.493228795247184,-0.5175921253342047,-5.168225878997177,16.96727263762216,0
52.20070529649984,3.197294341009434,2.449393299522217,13.552745511488926,0
68.09763449762535,1.1218388958824774,-1.5748950388007112,12.14670411400867,1
37.74596493519146,-0.5909606360583207,-0.4253421911939814,11.898198241929828,1
55.53009963309352,1.3939088090214713,-1.0910244906024844,7.219406266196097,1
44.09991781508959,-0.6676389795120199,-1.848472666796087,9.3496985322319,1
50.431172344022265,2.3462492751732826,-2.1396658564775173,18.345347629131656,1
69.17677793910948,0.7392843843961878,-0.3409825288539817,5.287209971040618,1
52.86648602029855,-0.21460428800845777,-4.034347393343358,18.07389395354926,0
50.69654822234223,0.8954338516205552,0.5011583350435311,8.389859227539707,1
29.60215788530121,-3.1417523041369986,-1.8323888097705079,16.62716054547539,1
61.193803490408314,-2.2535349378196106,-3.2601386780807156,2.9659249525123084,0
59.68226271711613,-2.387850012798111,-1.9000257159916274,12.929521005823245,1
82.4488208495819,0.2858861895274135,1.5142984337251457,6.31614932026189,0
45.38332647570499,3.465029998970184,-2.070670174032446,2.9236640403790624,0
53.287254914959085,4.462600292385265,-0.2830927635807595,11.092670212054728,0
53.74075525566133,1.2761022028815143,-2.4619125514309466,15.047358942979844,1
73.66179919645211,1.0016889498889139,0.5158436998472391,5.7752928070325185,0
48.57056701419572,-3.602115468305478,0.3710154775804082,2.5049201977079942,1
54.185322886555085,-1.0853475994680435,2.697217666592823,9.540776178325224,1
59.11844764574809,-1.5755675038164778,-1.351127890998431,9.562823356114095,1
52.79913684734537,-1.241695196502232,0.33730960951581324,12.741598137772494,1
43.30349578174208,-0.3362876371695792,-0.8038649209221109,14.747972856822441,1
52.911349893474615,-0.9441811553942547,1.5917435637260287,9.70292409363753,1
66.10447624789659,-3.9585996207515755,-2.4376647752174607,19.277516573971315,1
34.602270508834096,1.4958205122350676,0.4900106257545622,11.12117372267646,1
51.99454511220314,-2.145486051479613,-1.3893945922333635,8.267867469965502,1
39.4981877759124,0.4784937282222991,-1.1283763542169956,1.94216320448586,1
67.92569943387264,4.148165339499947,-0.8164950311032543,8.686702398419161,0
27.15219642824338,-1.8387691831728468,-0.4955192071466452,8.318065272944319,1
41.61617229092617,-5.0605750454926595,-1.2324580862439163,14.801523981407351,1
55.658178125967815,-0.5720084437602216,-0.5705736336589473,12.31241812033427,1
73.4828604385151,2.201919269997142,2.156236115124369,4.103154391836914,0
49.01374608390518,3.9166949084411877,0.9708993712304368,10.861271932055187,0
41.67200709960203,-2.4590991889048337,0.738309184993793,13.357655858645266,1
78.21735604160885,0.9933984464730434,-1.9110790520477414,17.640156796939163,0
28.27979149375634,-0.9306209135601067,-2.7784816564566484,14.437519837070298,1
17.017910650698774,-0.2118967086082713,0.9106011164755057,13.80423327155739,1
56.60021675079999,5.2886866940340695,0.7520935850595885,10.300429973075818,0
42.46918663471083,-3.0059406567903064,1.945341351501964,11.941560027117248,1
34.681507743039305,0.5074793229891469,-2.207961251938459,16.247524503530794,1
60.6253467094903,0.9353863435308664,-1.4590973107206942,3.3361130126017517,1
53.65701070656798,2.1715726498786942,-4.278968325050869,8.25280336391522,0
41.538820538949075,0.19596630694179087,-1.784942212121746,6.1371562562187965,1
30.795434019936582,0.6161010790082047,0.9931410211588945,11.895765593630621,1
63.08685992420217,-0.7832971348435822,-1.932990758456396,16.151110878253938,1
59.753017669379915,0.5382538824902147,0.28095959040164753,7.015128566394631,1
48.51236204330926,-0.686384550994821,-1.3810062119956226,-1.9515218373471903,1
77.69955494071499,1.2431437797121017,-0.35188594355687874,7.938896274877649,0
33.94872850510771,-0.7392206720872679,-3.2953827796313346,14.567368660087034,0
27.117122436128916,0.7542007878043729,-0.8295811007321978,12.688149514749398,1
39.62137895178133,-0.05852562736995671,-6.9822719418014465,12.14093123905288,0
49.31620975466753,2.2521005015443363,-1.3737923163239696,8.6000334906276,1
53.65009173984038,-0.10278744717697248,-4.26094648743028,3.6048463189010684,0
46.38145913215505,-3.546064936413763,1.411989033093632,12.576471608122336,1
55.28083094771445,2.5238430014279833,0.5548147055290225,5.828590949826876,1
31.22690863714334,-1.8114646017252378,-0.06665803606783793,20.920483666902282,0
71.65646906109889,-1.3075326772976397,2.04201245431876,12.85253604177258,0
48.76773232411147,-1.1913225880869842,-2.8978330416496743,7.096758487230245,1
66.75943747382192,2.7488761863416347,2.4947263958311163,6.943073763056859,1
55.14088019566556,-4.271348427957391,0.8643831285207695,9.535278966932058,1
56.85129828730676,6.2754970673199875,-1.473110574437892,8.80249038989125,0
58.546509203483055,2.1121136181321036,1.2712402943658883,15.584168877649772,1
56.715628400259725,0.44647782825831933,-3.2125870248232684,10.932080848720231,0
59.64084139801316,-0.10978800123257278,-2.6490283230553473,6.3418413054573595,1
69.93728795198646,0.5711081497153139,-2.217179446479401,19.45220342577891,1
52.94781754552205,1.0422448567586766,-2.0579554161280305,10.246541657601114,1
60.63505636382769,1.290431171900114,-3.1131152855205055,13.844198379844483,0
48.6539645856916,1.111208932006897,1.44616613419065,6.958867462776204,1
71.6017582317421,0.17916136251049763,-1.5177088007396633,11.815578138722618,0
39.85411546911095,-0.3946768406146522,-0.2949900632862409,11.555549955715977,1
77.01410649366224,-0.3025465673070234,-2.140702732827361,0.5517535395192361,0
49.39763074033485,-0.389816560705362,-4.641206601097034,20.0763755523032,0
28.538373468229278,2.267540193734129,-0.4598852832171558,16.453222304612737,1
51.92156622366184,1.1871134445617237,-4.824509950839554,8.014023419270062,0
39.78422513787679,-5.8807772693285605,-1.1372680921709373,4.488651297720723,1
62.60965323483086,1.311801553059522,-3.736630077665621,11.73780806901776,0
40.210640310464136,0.3894723894375497,2.974551998461616,10.433488497071982,1
43.307248501778304,-0.03741751289179483,0.8227254443494434,11.778344742816147,1
21.656889035817034,-0.7770369061777717,-0.7884924174570391,10.957886980970448,1
43.21540521126385,2.248225439972027,1.5274133553093372,12.53120494652963,1
13.64181010056565,1.8950529242457157,-2.6926319549314717,17.236528496959032,1
26.24145764771415,-1.5457553356472182,0.08695875734018599,12.84051602564323,1
61.40621984216446,0.8141045742490702,-0.600379132562573,4.751722505450294,1
61.787002379762484,-1.943313469082572,-0.47195983733266,16.81281426356226,1
56.38186342677447,-2.759236329577861,1.5447070002135357,18.203072817441438,1
35.495357853061805,-1.2534344491799303,0.4649842055596045,25.760283672560426,0
49.2843296578703,1.7247869447655175,-0.42255267434995347,4.38252983380201,1
49.945961913641476,1.9062500907521733,-4.309774872456592,11.214410065751375,0
32.624529662111854,1.026170840194586,-2.9200925905589274,-0.41049351594493544,1
72.55097452650726,1.4501915736959943,-1.2454178671914482,12.765745781896046,0
63.16043435863507,1.0323565742299168,-0.8132552514466975,7.258998509166137,1
46.68553739255504,-1.2829631904459045,-3.2604074493478477,19.617228974124764,0
50.40328758491796,0.8638450893478813,3.8233533511568423,6.12692514990709,1
53.125742119213285,1.6008190504553645,2.0327881105071457,1.5540848101636922,1
19.373976973635642,1.5085826596271485,0.20423664078496695,7.643681296487402,1
46.29233926219105,2.377826742949286,-0.8559262774325105,0.12256114391431261,1
39.77023628003302,1.4166076944021275,-1.4244179398023034,13.75549727253655,1
34.975699851576266,0.7028964150831658,-2.903836920044471,-0.3254152312816032,1
45.78349560671067,2.140300476632855,-0.845038962962275,10.142287905915794,1
76.96529790274283,-0.053042518498120125,-0.48449491971449865,-0.3890590992809848,0
59.61264291900515,-1.7637493024554356,-3.4835211509632487,8.398510977316791,0
41.432315153258045,-0.32613392788752776,-0.3316471655102051,18.21689077902267,1
58.58874172034238,-1.4898052896128982,-1.3105180976494974,11.803239457178975,1
